area_km2,risk_mean,risk_max,driver,zone_id,rank,n_settlements,population
0.983,0.552,0.567,flood,Z1,1,0,0.0
1.826,0.549,0.6,flood,Z2,2,0,0.0
11.995,0.541,0.639,flood,Z3,3,3,2535.0
0.461,0.395,0.452,landslide,Z4,4,0,0.0
0.312,0.394,0.453,landslide,Z5,5,1,323.0
0.737,0.391,0.451,landslide,Z6,6,0,0.0
0.303,0.391,0.46,landslide,Z7,7,0,0.0
0.603,0.386,0.453,landslide,Z8,8,1,9560.0
0.463,0.384,0.454,landslide,Z9,9,0,0.0
0.484,0.383,0.425,landslide,Z10,10,0,0.0
0.852,0.381,0.447,landslide,Z11,11,0,0.0
0.703,0.38,0.443,landslide,Z12,12,0,0.0
1.202,0.379,0.437,landslide,Z13,13,0,0.0
0.318,0.378,0.444,landslide,Z14,14,0,0.0
0.288,0.378,0.441,landslide,Z15,15,0,0.0
0.581,0.373,0.426,landslide,Z16,16,0,0.0
0.357,0.373,0.425,landslide,Z17,17,0,0.0
0.955,0.371,0.427,landslide,Z18,18,0,0.0
0.279,0.371,0.423,landslide,Z19,19,0,0.0
0.803,0.37,0.44,landslide,Z20,20,0,0.0
0.431,0.37,0.421,landslide,Z21,21,0,0.0
0.395,0.369,0.428,landslide,Z22,22,0,0.0
0.304,0.366,0.414,landslide,Z23,23,0,0.0
