settlement_uid,settlement,facility_type,least_risk_facility,shortest_facility,least_risk_km,shortest_km,extra_km,extra_pct,least_risk_mean_risk,shortest_mean_risk,risk_reduction_pct,least_risk_risk_km,shortest_risk_km,exposure_reduction_pct,least_risk_high_risk_km,shortest_high_risk_km,least_risk_minutes,shortest_minutes,same_route,error
S1,Village 01,hospital,Community Health Centre,Community Health Centre,4.808,4.808,0.0,0.0,0.2014,0.2014,0.0,0.9684,0.9684,0.0,0.0,0.0,9.6,9.6,True,
S1,Village 01,shelter,Relief Shelter 7,Relief Shelter 7,3.431,3.431,0.0,0.0,0.2229,0.2229,0.0,0.7648,0.7648,0.0,0.0,0.0,6.9,6.9,True,
S1,Village 01,any,Relief Shelter 7,Relief Shelter 7,3.431,3.431,0.0,0.0,0.2229,0.2229,0.0,0.7648,0.7648,0.0,0.0,0.0,6.9,6.9,True,
S2,Village 02,hospital,Community Health Centre,Taluk Hospital,6.964,1.341,5.623,419.3,0.1035,0.3967,73.9,0.7211,0.532,-35.5,0.118,1.341,13.9,2.7,False,
S2,Village 02,shelter,Relief Shelter 3,Relief Shelter 6,7.245,6.489,0.756,11.7,0.0674,0.1509,55.3,0.4884,0.9793,50.1,0.118,0.118,14.5,13.0,False,
S2,Village 02,any,Relief Shelter 3,Taluk Hospital,7.245,1.341,5.904,440.3,0.0674,0.3967,83.0,0.4884,0.532,8.2,0.118,1.341,14.5,2.7,False,
S3,Village 03,hospital,River Road Clinic,River Road Clinic,4.798,4.768,0.03,0.6,0.1843,0.2348,21.5,0.8843,1.1194,21.0,0.0,0.0,9.6,9.5,False,
S3,Village 03,shelter,Relief Shelter 5,Relief Shelter 5,7.478,7.478,0.0,0.0,0.1433,0.1433,0.0,1.0715,1.0715,0.0,0.0,0.0,15.0,15.0,True,
S3,Village 03,any,River Road Clinic,River Road Clinic,4.798,4.768,0.03,0.6,0.1843,0.2348,21.5,0.8843,1.1194,21.0,0.0,0.0,9.6,9.5,False,
S4,Village 04,hospital,Taluk Hospital,Taluk Hospital,1.911,1.911,0.0,0.0,0.4632,0.4632,0.0,0.8851,0.8851,0.0,1.911,1.911,3.8,3.8,True,
S4,Village 04,shelter,Relief Shelter 6,Relief Shelter 1,7.401,5.038,2.363,46.9,0.1914,0.2766,30.8,1.4163,1.3935,-1.6,1.866,2.022,14.8,10.1,False,
S4,Village 04,any,Taluk Hospital,Taluk Hospital,1.911,1.911,0.0,0.0,0.4632,0.4632,0.0,0.8851,0.8851,0.0,1.911,1.911,3.8,3.8,True,
S5,Village 05,hospital,Community Health Centre,Community Health Centre,7.013,7.013,0.0,0.0,0.1439,0.1439,0.0,1.0095,1.0095,0.0,0.0,0.0,14.0,14.0,True,
S5,Village 05,shelter,Relief Shelter 8,Relief Shelter 8,0.066,0.066,0.0,0.0,0.1466,0.1466,0.0,0.0096,0.0096,0.0,0.0,0.0,0.1,0.1,True,
S5,Village 05,any,Relief Shelter 8,Relief Shelter 8,0.066,0.066,0.0,0.0,0.1466,0.1466,0.0,0.0096,0.0096,0.0,0.0,0.0,0.1,0.1,True,
S6,Village 06,hospital,Community Health Centre,Community Health Centre,8.109,8.109,0.0,0.0,0.2101,0.2101,0.0,1.7038,1.7038,0.0,0.0,0.0,16.2,16.2,True,
S6,Village 06,shelter,Relief Shelter 7,Relief Shelter 7,0.13,0.13,0.0,0.0,0.2268,0.2268,0.0,0.0294,0.0294,0.0,0.0,0.0,0.3,0.3,True,
S6,Village 06,any,Relief Shelter 7,Relief Shelter 7,0.13,0.13,0.0,0.0,0.2268,0.2268,0.0,0.0294,0.0294,0.0,0.0,0.0,0.3,0.3,True,
S7,Village 07,hospital,Community Health Centre,Community Health Centre,5.811,5.811,0.0,0.0,0.2035,0.2035,0.0,1.1826,1.1826,0.0,0.0,0.0,11.6,11.6,True,
S7,Village 07,shelter,Relief Shelter 7,Relief Shelter 7,2.428,2.428,0.0,0.0,0.2268,0.2268,0.0,0.5506,0.5506,0.0,0.0,0.0,4.9,4.9,True,
S7,Village 07,any,Relief Shelter 7,Relief Shelter 7,2.428,2.428,0.0,0.0,0.2268,0.2268,0.0,0.5506,0.5506,0.0,0.0,0.0,4.9,4.9,True,
S8,Village 08,hospital,River Road Clinic,River Road Clinic,0.108,0.108,0.0,0.0,0.1568,0.1568,0.0,0.017,0.017,0.0,0.0,0.0,0.2,0.2,True,
S8,Village 08,shelter,Relief Shelter 3,Relief Shelter 3,8.119,8.119,0.0,0.0,0.1314,0.1314,0.0,1.0671,1.0671,0.0,0.0,0.0,16.2,16.2,True,
S8,Village 08,any,River Road Clinic,River Road Clinic,0.108,0.108,0.0,0.0,0.1568,0.1568,0.0,0.017,0.017,0.0,0.0,0.0,0.2,0.2,True,
S9,Village 09,hospital,Community Health Centre,Taluk Hospital,7.783,2.848,4.935,173.3,0.1342,0.4902,72.6,1.0444,1.3959,25.2,0.162,2.848,15.6,5.7,False,
S9,Village 09,shelter,Relief Shelter 3,Relief Shelter 3,5.508,4.785,0.723,15.1,0.1205,0.1887,36.1,0.6638,0.903,26.5,0.162,1.39,11.0,9.6,False,
S9,Village 09,any,Relief Shelter 3,Taluk Hospital,5.508,2.848,2.66,93.4,0.1205,0.4902,75.4,0.6638,1.3959,52.4,0.162,2.848,11.0,5.7,False,
S10,Village 10,hospital,River Road Clinic,River Road Clinic,3.231,3.231,0.0,0.0,0.1829,0.1829,0.0,0.5911,0.5911,0.0,0.0,0.0,6.5,6.5,True,
S10,Village 10,shelter,Relief Shelter 3,Relief Shelter 3,10.569,10.569,0.0,0.0,0.1339,0.1339,0.0,1.4154,1.4154,0.0,0.0,0.0,21.1,21.1,True,
S10,Village 10,any,River Road Clinic,River Road Clinic,3.231,3.231,0.0,0.0,0.1829,0.1829,0.0,0.5911,0.5911,0.0,0.0,0.0,6.5,6.5,True,
S11,Village 11,hospital,Taluk Hospital,Taluk Hospital,7.04,7.04,0.0,0.0,0.1767,0.1767,0.0,1.2441,1.2441,0.0,0.045,0.045,14.1,14.1,True,
S11,Village 11,shelter,Relief Shelter 6,Relief Shelter 6,4.647,4.647,0.0,0.0,0.0741,0.0741,0.0,0.3443,0.3443,0.0,0.0,0.0,9.3,9.3,True,
S11,Village 11,any,Relief Shelter 6,Relief Shelter 6,4.647,4.647,0.0,0.0,0.0741,0.0741,0.0,0.3443,0.3443,0.0,0.0,0.0,9.3,9.3,True,
S12,Village 12,hospital,District Hospital,District Hospital,1.506,1.506,0.0,0.0,0.0849,0.0849,0.0,0.1278,0.1278,0.0,0.0,0.0,3.0,3.0,True,
S12,Village 12,shelter,Relief Shelter 3,Relief Shelter 2,10.099,9.863,0.236,2.4,0.0564,0.0608,7.2,0.5694,0.5995,5.0,0.0,0.0,20.2,19.7,False,
S12,Village 12,any,District Hospital,District Hospital,1.506,1.506,0.0,0.0,0.0849,0.0849,0.0,0.1278,0.1278,0.0,0.0,0.0,3.0,3.0,True,
S13,Village 13,hospital,Community Health Centre,Community Health Centre,13.873,13.873,0.0,0.0,0.0843,0.0843,0.0,1.1698,1.1698,0.0,0.0,0.0,27.7,27.7,True,
S13,Village 13,shelter,Relief Shelter 5,Relief Shelter 5,13.908,13.908,0.0,0.0,0.0849,0.0849,0.0,1.1812,1.1812,0.0,0.0,0.0,27.8,27.8,True,
S13,Village 13,any,Community Health Centre,Community Health Centre,13.873,13.873,0.0,0.0,0.0843,0.0843,0.0,1.1698,1.1698,0.0,0.0,0.0,27.7,27.7,True,
S14,Village 14,hospital,District Hospital,District Hospital,6.316,6.316,0.0,0.0,0.0775,0.0775,0.0,0.4895,0.4895,0.0,0.0,0.0,12.6,12.6,True,
S14,Village 14,shelter,Relief Shelter 3,Relief Shelter 3,3.551,3.551,0.0,0.0,0.0867,0.0867,0.0,0.308,0.308,0.0,0.0,0.0,7.1,7.1,True,
S14,Village 14,any,Relief Shelter 3,Relief Shelter 3,3.551,3.551,0.0,0.0,0.0867,0.0867,0.0,0.308,0.308,0.0,0.0,0.0,7.1,7.1,True,
S15,Village 15,hospital,District Hospital,District Hospital,2.03,2.03,0.0,0.0,0.0325,0.0325,0.0,0.066,0.066,0.0,0.0,0.0,4.1,4.1,True,
S15,Village 15,shelter,Relief Shelter 3,Relief Shelter 2,8.143,7.907,0.236,3.0,0.0566,0.0621,8.9,0.461,0.4911,6.1,0.0,0.0,16.3,15.8,False,
S15,Village 15,any,District Hospital,District Hospital,2.03,2.03,0.0,0.0,0.0325,0.0325,0.0,0.066,0.066,0.0,0.0,0.0,4.1,4.1,True,
S16,Village 16,hospital,District Hospital,District Hospital,4.829,4.829,0.0,0.0,0.1189,0.1189,0.0,0.5743,0.5743,0.0,0.0,0.0,9.7,9.7,True,
S16,Village 16,shelter,Relief Shelter 3,Relief Shelter 3,11.964,11.622,0.342,2.9,0.0896,0.1555,42.4,1.0721,1.8069,40.7,0.0,0.0,23.9,23.2,False,
S16,Village 16,any,District Hospital,District Hospital,4.829,4.829,0.0,0.0,0.1189,0.1189,0.0,0.5743,0.5743,0.0,0.0,0.0,9.7,9.7,True,
S17,Village 17,hospital,Taluk Hospital,Taluk Hospital,13.201,8.563,4.638,54.2,0.1265,0.3237,60.9,1.6705,2.7717,39.7,0.045,3.636,26.4,17.1,False,
S17,Village 17,shelter,Relief Shelter 1,Relief Shelter 1,5.095,5.095,0.0,0.0,0.1793,0.1793,0.0,0.9134,0.9134,0.0,0.0,0.0,10.2,10.2,True,
S17,Village 17,any,Relief Shelter 1,Relief Shelter 1,5.095,5.095,0.0,0.0,0.1793,0.1793,0.0,0.9134,0.9134,0.0,0.0,0.0,10.2,10.2,True,
S18,Village 18,hospital,Taluk Hospital,Taluk Hospital,6.897,6.897,0.0,0.0,0.1945,0.1945,0.0,1.3412,1.3412,0.0,0.045,0.045,13.8,13.8,True,
S18,Village 18,shelter,Relief Shelter 6,Relief Shelter 6,4.504,4.504,0.0,0.0,0.098,0.098,0.0,0.4414,0.4414,0.0,0.0,0.0,9.0,9.0,True,
S18,Village 18,any,Relief Shelter 6,Relief Shelter 6,4.504,4.504,0.0,0.0,0.098,0.098,0.0,0.4414,0.4414,0.0,0.0,0.0,9.0,9.0,True,
S19,Village 19,hospital,River Road Clinic,River Road Clinic,4.29,4.29,0.0,0.0,0.1478,0.1478,0.0,0.6338,0.6338,0.0,0.0,0.0,8.6,8.6,True,
S19,Village 19,shelter,Relief Shelter 5,Relief Shelter 5,4.915,4.915,0.0,0.0,0.137,0.137,0.0,0.6733,0.6733,0.0,0.0,0.0,9.8,9.8,True,
S19,Village 19,any,River Road Clinic,River Road Clinic,4.29,4.29,0.0,0.0,0.1478,0.1478,0.0,0.6338,0.6338,0.0,0.0,0.0,8.6,8.6,True,
S20,Village 20,hospital,Community Health Centre,Taluk Hospital,6.217,5.374,0.843,15.7,0.0992,0.1347,26.4,0.6166,0.724,14.8,0.0,0.045,12.4,10.7,False,
S20,Village 20,shelter,Relief Shelter 5,Relief Shelter 5,6.088,6.088,0.0,0.0,0.0984,0.0984,0.0,0.5993,0.5993,0.0,0.0,0.0,12.2,12.2,True,
S20,Village 20,any,Relief Shelter 5,Taluk Hospital,6.088,5.374,0.714,13.3,0.0984,0.1347,26.9,0.5993,0.724,17.2,0.0,0.045,12.2,10.7,False,
S21,Village 21,hospital,Taluk Hospital,Taluk Hospital,11.406,6.519,4.887,75.0,0.1187,0.3662,67.6,1.3541,2.3869,43.3,0.045,3.636,22.8,13.0,False,
S21,Village 21,shelter,Relief Shelter 1,Relief Shelter 1,3.051,3.051,0.0,0.0,0.1732,0.1732,0.0,0.5286,0.5286,0.0,0.0,0.0,6.1,6.1,True,
S21,Village 21,any,Relief Shelter 1,Relief Shelter 1,3.051,3.051,0.0,0.0,0.1732,0.1732,0.0,0.5286,0.5286,0.0,0.0,0.0,6.1,6.1,True,
S22,Village 22,hospital,Taluk Hospital,Taluk Hospital,14.387,9.749,4.638,47.6,0.1165,0.2849,59.1,1.6767,2.7778,39.6,0.045,3.636,28.8,19.5,False,
S22,Village 22,shelter,Relief Shelter 1,Relief Shelter 1,6.282,6.282,0.0,0.0,0.1464,0.1464,0.0,0.9195,0.9195,0.0,0.0,0.0,12.6,12.6,True,
S22,Village 22,any,Relief Shelter 1,Relief Shelter 1,6.282,6.282,0.0,0.0,0.1464,0.1464,0.0,0.9195,0.9195,0.0,0.0,0.0,12.6,12.6,True,
S23,Village 23,hospital,Taluk Hospital,Taluk Hospital,0.009,0.009,0.0,0.0,0.4312,0.4312,0.0,0.0037,0.0037,0.0,0.009,0.009,0.0,0.0,True,
S23,Village 23,shelter,Relief Shelter 6,Relief Shelter 6,5.589,5.589,0.0,0.0,0.1026,0.1026,0.0,0.5736,0.5736,0.0,0.054,0.054,11.2,11.2,True,
S23,Village 23,any,Taluk Hospital,Taluk Hospital,0.009,0.009,0.0,0.0,0.4312,0.4312,0.0,0.0037,0.0037,0.0,0.009,0.009,0.0,0.0,True,
S24,Village 24,hospital,District Hospital,Taluk Hospital,7.455,6.401,1.054,16.5,0.0607,0.3594,83.1,0.4524,2.3006,80.3,0.0,4.238,14.9,12.8,False,
S24,Village 24,shelter,Relief Shelter 3,Relief Shelter 3,1.577,1.577,0.0,0.0,0.0559,0.0559,0.0,0.0882,0.0882,0.0,0.0,0.0,3.2,3.2,True,
S24,Village 24,any,Relief Shelter 3,Relief Shelter 3,1.577,1.577,0.0,0.0,0.0559,0.0559,0.0,0.0882,0.0882,0.0,0.0,0.0,3.2,3.2,True,
S25,Village 25,hospital,Taluk Hospital,Taluk Hospital,9.953,9.953,0.0,0.0,0.1407,0.1407,0.0,1.4001,1.4001,0.0,0.045,0.045,19.9,19.9,True,
S25,Village 25,shelter,Relief Shelter 6,Relief Shelter 6,7.56,7.56,0.0,0.0,0.0662,0.0662,0.0,0.5003,0.5003,0.0,0.0,0.0,15.1,15.1,True,
S25,Village 25,any,Relief Shelter 6,Relief Shelter 6,7.56,7.56,0.0,0.0,0.0662,0.0662,0.0,0.5003,0.5003,0.0,0.0,0.0,15.1,15.1,True,
S26,Village 26,hospital,District Hospital,District Hospital,3.158,3.158,0.0,0.0,0.0984,0.0984,0.0,0.3108,0.3108,0.0,0.0,0.0,6.3,6.3,True,
S26,Village 26,shelter,Relief Shelter 3,Relief Shelter 3,10.666,10.666,0.0,0.0,0.0797,0.0797,0.0,0.8503,0.8503,0.0,0.0,0.0,21.3,21.3,True,
S26,Village 26,any,District Hospital,District Hospital,3.158,3.158,0.0,0.0,0.0984,0.0984,0.0,0.3108,0.3108,0.0,0.0,0.0,6.3,6.3,True,
S27,Village 27,hospital,River Road Clinic,River Road Clinic,3.138,3.138,0.0,0.0,0.1527,0.1527,0.0,0.4793,0.4793,0.0,0.0,0.0,6.3,6.3,True,
S27,Village 27,shelter,Relief Shelter 3,Relief Shelter 3,5.089,5.089,0.0,0.0,0.1188,0.1188,0.0,0.6047,0.6047,0.0,0.0,0.0,10.2,10.2,True,
S27,Village 27,any,River Road Clinic,River Road Clinic,3.138,3.138,0.0,0.0,0.1527,0.1527,0.0,0.4793,0.4793,0.0,0.0,0.0,6.3,6.3,True,
S28,Village 28,hospital,Taluk Hospital,Taluk Hospital,3.363,3.273,0.09,2.7,0.1958,0.3385,42.2,0.6583,1.1082,40.6,0.045,1.459,6.7,6.5,False,
S28,Village 28,shelter,Relief Shelter 6,Relief Shelter 6,4.556,4.556,0.0,0.0,0.0885,0.0885,0.0,0.4031,0.4031,0.0,0.0,0.0,9.1,9.1,True,
S28,Village 28,any,Relief Shelter 6,Taluk Hospital,4.556,3.273,1.283,39.2,0.0885,0.3385,73.9,0.4031,1.1082,63.6,0.0,1.459,9.1,6.5,False,
S29,Village 29,hospital,District Hospital,District Hospital,5.186,5.186,0.0,0.0,0.0758,0.0758,0.0,0.393,0.393,0.0,0.0,0.0,10.4,10.4,True,
S29,Village 29,shelter,Relief Shelter 3,Relief Shelter 3,4.681,4.681,0.0,0.0,0.0864,0.0864,0.0,0.4045,0.4045,0.0,0.0,0.0,9.4,9.4,True,
S29,Village 29,any,Relief Shelter 3,Relief Shelter 3,4.681,4.681,0.0,0.0,0.0864,0.0864,0.0,0.4045,0.4045,0.0,0.0,0.0,9.4,9.4,True,
S30,Village 30,hospital,District Hospital,District Hospital,12.864,12.864,0.0,0.0,0.045,0.045,0.0,0.5788,0.5788,0.0,0.0,0.0,25.7,25.7,True,
S30,Village 30,shelter,Relief Shelter 4,Relief Shelter 4,0.016,0.016,0.0,0.0,0.0153,0.0153,0.0,0.0002,0.0002,0.0,0.0,0.0,0.0,0.0,True,
S30,Village 30,any,Relief Shelter 4,Relief Shelter 4,0.016,0.016,0.0,0.0,0.0153,0.0153,0.0,0.0002,0.0002,0.0,0.0,0.0,0.0,0.0,True,
S31,Village 31,hospital,Community Health Centre,Community Health Centre,7.722,7.549,0.173,2.3,0.1374,0.16,14.1,1.0611,1.2082,12.2,0.0,0.0,15.4,15.1,False,
S31,Village 31,shelter,Relief Shelter 8,Relief Shelter 8,1.279,1.279,0.0,0.0,0.1466,0.1466,0.0,0.1875,0.1875,0.0,0.0,0.0,2.6,2.6,True,
S31,Village 31,any,Relief Shelter 8,Relief Shelter 8,1.279,1.279,0.0,0.0,0.1466,0.1466,0.0,0.1875,0.1875,0.0,0.0,0.0,2.6,2.6,True,
S32,Village 32,hospital,Taluk Hospital,Taluk Hospital,5.855,4.485,1.37,30.5,0.1095,0.2662,58.9,0.6409,1.1937,46.3,0.045,1.485,11.7,9.0,False,
S32,Village 32,shelter,Relief Shelter 6,Relief Shelter 6,3.326,3.326,0.0,0.0,0.017,0.017,0.0,0.0566,0.0566,0.0,0.0,0.0,6.7,6.7,True,
S32,Village 32,any,Relief Shelter 6,Relief Shelter 6,3.326,3.326,0.0,0.0,0.017,0.017,0.0,0.0566,0.0566,0.0,0.0,0.0,6.7,6.7,True,
