name,population,uid,risk_mean,risk_max,risk_class,risk_label,high_risk,flood_idx,landslide_idx,slope_idx,driver,risk_rank
Village 04,821,S4,0.5465,0.5581,5,Very High,True,1.0,0.009,0.026,flood,1
Village 09,1476,S9,0.5451,0.5532,5,Very High,True,1.0,0.018,0.0,flood,2
Village 02,238,S2,0.5227,0.6324,4,High,True,0.905,0.056,0.107,flood,3
Village 07,323,S7,0.329,0.4533,4,High,True,0.0,0.809,0.543,landslide,4
Village 11,703,S11,0.2947,0.5527,3,Moderate,False,0.514,0.019,0.072,flood,5
Village 01,1064,S1,0.2858,0.4162,3,Moderate,False,0.0,0.718,0.444,landslide,6
Village 23,1490,S23,0.2691,0.5509,3,Moderate,False,0.479,0.012,0.043,flood,7
Village 10,818,S10,0.2678,0.4286,3,Moderate,False,0.0,0.665,0.43,landslide,8
Village 21,4440,S21,0.2603,0.2838,3,Moderate,False,0.474,0.016,0.0,flood,9
Village 03,9560,S3,0.235,0.4132,2,Low,False,0.0,0.582,0.38,landslide,10
Village 08,935,S8,0.2145,0.4062,2,Low,False,0.0,0.527,0.355,landslide,11
Village 06,553,S6,0.2117,0.4231,2,Low,False,0.0,0.52,0.35,landslide,12
Village 25,13176,S25,0.2042,0.5625,2,Low,False,0.347,0.015,0.077,flood,13
Village 05,839,S5,0.1856,0.4076,2,Low,False,0.0,0.447,0.323,landslide,14
Village 27,3998,S27,0.1595,0.3117,2,Low,False,0.0,0.382,0.282,landslide,15
Village 26,711,S26,0.1437,0.3027,2,Low,False,0.0,0.338,0.266,landslide,16
Village 13,5713,S13,0.1418,0.2497,2,Low,False,0.0,0.333,0.263,landslide,17
Village 19,2942,S19,0.1404,0.3253,2,Low,False,0.0,0.327,0.266,landslide,18
Village 31,620,S31,0.1317,0.345,2,Low,False,0.0,0.304,0.253,landslide,19
Village 18,1710,S18,0.1292,0.2944,2,Low,False,0.213,0.014,0.061,flood,20
Village 12,717,S12,0.127,0.2532,2,Low,False,0.0,0.291,0.248,landslide,21
Village 16,1865,S16,0.1068,0.3725,2,Low,False,0.0,0.244,0.21,landslide,22
Village 29,2948,S29,0.077,0.262,1,Very Low,False,0.0,0.16,0.181,landslide,23
Village 28,6588,S28,0.0685,0.3167,1,Very Low,False,0.088,0.024,0.085,flood,24
Village 24,3329,S24,0.0658,0.5688,1,Very Low,False,0.057,0.045,0.133,flood,25
Village 14,952,S14,0.0655,0.1302,1,Very Low,False,0.0,0.125,0.175,landslide,26
Village 15,373,S15,0.0642,0.2932,1,Very Low,False,0.058,0.046,0.117,flood,27
Village 20,705,S20,0.053,0.1077,1,Very Low,False,0.0,0.095,0.152,landslide,28
Village 32,4155,S32,0.017,0.0339,1,Very Low,False,0.0,0.021,0.066,slope,29
Village 30,2109,S30,0.0146,0.0245,1,Very Low,False,0.0,0.02,0.053,slope,30
Village 22,4456,S22,0.0061,0.0189,1,Very Low,False,0.0,0.018,0.005,landslide,31
Village 17,261,S17,0.0049,0.0112,1,Very Low,False,0.0,0.015,0.003,landslide,32
